<?xml version='1.0' encoding='UTF-8' ?>
<timeLogEntries>
  <time id="1" path="/proyecto ACS FARMACIA/PSP0/Planning" start="@1693895929768" delta="57" comment="se planifico lo que se iba a realizar de manera mas concreta" />
  <time id="2" path="/proyecto ACS FARMACIA/PSP0/Planning" start="@1693964020186" delta="61" comment="se planificaron los requisitos funcionales del caso de uso venderproducto y se asigo realizar la plantlla de requisitos funcionales" />
  <time id="3" path="/proyecto ACS FARMACIA/PSP0/Planning" start="@1694133148283" delta="5" comment="llenado de la plantilla requisitos funcionales" />
  <time id="4" path="/proyecto ACS FARMACIA/PSP1/Design" start="@1695084377317" delta="150" />
  <time id="5" path="/proyecto ACS FARMACIA/PSP1/Planning" start="@1696134519758" delta="157" />
  <time id="6" path="/proyecto ACS FARMACIA/PSP1/Code" start="@1696296361518" delta="87" />
  <time id="7" path="/proyecto ACS FARMACIA/PSP1/Code" start="@1696651423298" delta="17" />
  <time id="8" path="/proyecto ACS FARMACIA/PSP1/Planning" start="@1696652461445" delta="2" />
  <time id="9" path="/proyecto ACS FARMACIA/PSP1/Design" start="@1696652572436" delta="81" />
  <time id="10" path="/proyecto ACS FARMACIA/PSP1/Code" start="@1696657465609" delta="49" />
  <time id="11" path="/proyecto ACS FARMACIA/PSP1/Code" start="@1696740235131" delta="160" />
  <time id="12" path="/proyecto ACS FARMACIA/PSP1/Compile" start="@1696826456925" delta="12" />
  <time id="13" path="/proyecto ACS FARMACIA/PSP1/Test" start="@1696827200524" delta="22" />
  <time id="14" path="/proyecto ACS FARMACIA/PSP2/Code" start="@1697131889445" delta="217" interrupt="1" />
  <time id="15" path="/proyecto ACS FARMACIA/PSP2/Code" start="@1698253770272" delta="20" />
  <time id="16" path="/proyecto ACS FARMACIA/PSP2/Code" start="@1698258322631" delta="76" />
  <time id="17" path="/proyecto ACS FARMACIA/PSP2/Code" start="@1698955670740" delta="104" />
  <time id="18" path="/proyecto ACS FARMACIA/PSP2/Compile" start="@1698961950861" delta="200" interrupt="1" />
  <time id="19" path="/proyecto ACS FARMACIA/PSP2/Test" start="@1699051838079" delta="126" />
  <time id="20" path="/proyecto ACS FARMACIA/PSP2/Compile" start="@1699059488486" delta="88" />
</timeLogEntries>
